group,chapter,label,sheet
state,Johor Bahru 2025,Paper 1,2025/Johor Bahru/Johor Bahru.csv
state,Johor Bahru 2025 F4,Paper 1,2025/Johor Bahru/Johor Bahru F4.csv
state,Johor Bahru 2025 F5,Paper 1,2025/Johor Bahru/Johor Bahru F5.csv
state,Johor Kulai Set 1 2025,Paper 1,2025/Johor Kulai Set 1/Johor Kulai Set 1.csv
state,Johor Kulai Set 1 2025 F4,Paper 1,2025/Johor Kulai Set 1/Johor Kulai Set 1 F4.csv
state,Johor Kulai Set 1 2025 F5,Paper 1,2025/Johor Kulai Set 1/Johor Kulai Set 1 F5.csv
state,Johor Kulai Set 2 2025,Paper 1,2025/Johor Kulai Set 2/Johor Kulai Set 2.csv
state,Johor Kulai Set 2 2025 F4,Paper 1,2025/Johor Kulai Set 2/Johor Kulai Set 2 F4.csv
state,Johor Kulai Set 2 2025 F5,Paper 1,2025/Johor Kulai Set 2/Johor Kulai Set 2 F5.csv
state,Johor Muar 2025,Paper 1,2025/Johor Muar/Johor Muar.csv
state,Johor Muar 2025 F4,Paper 1,2025/Johor Muar/Johor Muar F4.csv
state,Johor Muar 2025 F5,Paper 1,2025/Johor Muar/Johor Muar F5.csv
state,Johor Pasir Gudang 2025,Paper 1,2025/Johor Pasir Gudang/Johor Pasir Gudang.csv
state,Johor Pasir Gudang 2025 F4,Paper 1,2025/Johor Pasir Gudang/Johor Pasir Gudang F4.csv
state,Johor Pasir Gudang 2025 F5,Paper 1,2025/Johor Pasir Gudang/Johor Pasir Gudang F5.csv
state,Johor Segamat Set 1 2025,Paper 1,2025/Johor Segamat Set 1/Johor Segamat Set 1.csv
state,Johor Segamat Set 1 2025 F4,Paper 1,2025/Johor Segamat Set 1/Johor Segamat Set 1 F4.csv
state,Johor Segamat Set 1 2025 F5,Paper 1,2025/Johor Segamat Set 1/Johor Segamat Set 1 F5.csv
state,Johor Segamat Set 2 2025,Paper 1,2025/Johor Segamat Set 2/Johor Segamat Set 2.csv
state,Johor Segamat Set 2 2025 F4,Paper 1,2025/Johor Segamat Set 2/Johor Segamat Set 2 F4.csv
state,Johor Segamat Set 2 2025 F5,Paper 1,2025/Johor Segamat Set 2/Johor Segamat Set 2 F5.csv
state,Kedah 2025,Paper 1,2025/Kedah/Kedah.csv
state,Kedah 2025 F4,Paper 1,2025/Kedah/Kedah F4.csv
state,Kedah 2025 F5,Paper 1,2025/Kedah/Kedah F5.csv
state,Melaka 2025,Paper 1,2025/Melaka/Melaka.csv
state,Melaka 2025 F4,Paper 1,2025/Melaka/Melaka F4.csv
state,Melaka 2025 F5,Paper 1,2025/Melaka/Melaka F5.csv
state,Perak 2025,Paper 1,2025/Perak/Perak.csv
state,Perak 2025 F4,Paper 1,2025/Perak/Perak F4.csv
state,Perak 2025 F5,Paper 1,2025/Perak/Perak F5.csv
state,Perlis 2025,Paper 1,2025/Perlis/Perlis.csv
state,Perlis 2025 F4,Paper 1,2025/Perlis/Perlis F4.csv
state,Perlis 2025 F5,Paper 1,2025/Perlis/Perlis F5.csv
state,Pulau Pinang 2025,Paper 1,2025/Pulau Pinang/Pulau Pinang.csv
state,Pulau Pinang 2025 F4,Paper 1,2025/Pulau Pinang/Pulau Pinang F4.csv
state,Pulau Pinang 2025 F5,Paper 1,2025/Pulau Pinang/Pulau Pinang F5.csv
state,SBP 2025,Paper 1,2025/SBP/SBP.csv
state,SBP 2025 F4,Paper 1,2025/SBP/SBP F4.csv
state,SBP 2025 F5,Paper 1,2025/SBP/SBP F5.csv
state,Selangor 2025,Paper 1,2025/Selangor/Selangor.csv
state,Selangor 2025 F4,Paper 1,2025/Selangor/Selangor F4.csv
state,Selangor 2025 F5,Paper 1,2025/Selangor/Selangor F5.csv
state,SMKA 2025,Paper 1,2025/SMKA/SMKA.csv
state,SMKA 2025 F4,Paper 1,2025/SMKA/SMKA F4.csv
state,SMKA 2025 F5,Paper 1,2025/SMKA/SMKA F5.csv
state,Terengganu 2025,Paper 1,2025/Terengganu/Terengganu.csv
state,Terengganu 2025 F4,Paper 1,2025/Terengganu/Terengganu F4.csv
state,Terengganu 2025 F5,Paper 1,2025/Terengganu/Terengganu F5.csv
chapter,F4 Bab 1 2025,2025 Paper 1 分类,2025/2025 F4 Chp 1.csv
chapter,F4 Bab 2 2025,2025 Paper 1 分类,2025/2025 F4 Chp 2.csv
chapter,F4 Bab 3 2025,2025 Paper 1 分类,2025/2025 F4 Chp 3.csv
chapter,F4 Bab 4 2025,2025 Paper 1 分类,2025/2025 F4 Chp 4.csv
chapter,F4 Bab 5 2025,2025 Paper 1 分类,2025/2025 F4 Chp 5.csv
chapter,F4 Bab 6 2025,2025 Paper 1 分类,2025/2025 F4 Chp 6.csv
chapter,F4 Bab 7 2025,2025 Paper 1 分类,2025/2025 F4 Chp 7.csv
chapter,F4 Bab 8 2025,2025 Paper 1 分类,2025/2025 F4 Chp 8.csv
chapter,F4 Bab 9 2025,2025 Paper 1 分类,2025/2025 F4 Chp 9.csv
chapter,F4 Bab 10 2025,2025 Paper 1 分类,2025/2025 F4 Chp 10.csv
chapter,F5 Bab 1 2025,2025 Paper 1 分类,2025/2025 F5 Chp 1.csv
chapter,F5 Bab 2 2025,2025 Paper 1 分类,2025/2025 F5 Chp 2.csv
chapter,F5 Bab 3 2025,2025 Paper 1 分类,2025/2025 F5 Chp 3.csv
chapter,F5 Bab 4 2025,2025 Paper 1 分类,2025/2025 F5 Chp 4.csv
chapter,F5 Bab 5 2025,2025 Paper 1 分类,2025/2025 F5 Chp 5.csv
chapter,F5 Bab 6 2025,2025 Paper 1 分类,2025/2025 F5 Chp 6.csv
chapter,F5 Bab 7 2025,2025 Paper 1 分类,2025/2025 F5 Chp 7.csv
chapter,F5 Bab 8 2025,2025 Paper 1 分类,2025/2025 F5 Chp 8.csv
chapter,F5 Bab 9 2025,2025 Paper 1 分类,2025/2025 F5 Chp 9.csv
chapter,F5 Bab 10 2025,2025 Paper 1 分类,2025/2025 F5 Chp 10.csv
